NR_ZONA;NR_SECAO;NM_SECAO;ENDERECO;BAIRRO
76;14;CATEDRAL BASÍLICA SÃO LUIZ GONZAGA;RUA JOAQUIM NABUCO, 543;CENTRO
76;19;CATEDRAL BASÍLICA SÃO LUIZ GONZAGA;RUA JOAQUIM NABUCO, 543;CENTRO
76;133;CATEDRAL BASÍLICA SÃO LUIZ GONZAGA;RUA JOAQUIM NABUCO, 543;CENTRO
76;144;CATEDRAL BASÍLICA SÃO LUIZ GONZAGA;RUA JOAQUIM NABUCO, 543;CENTRO
76;216;CATEDRAL BASÍLICA SÃO LUIZ GONZAGA;RUA JOAQUIM NABUCO, 543;CENTRO
76;243;CATEDRAL BASÍLICA SÃO LUIZ GONZAGA;RUA JOAQUIM NABUCO, 543;CENTRO
76;275;CATEDRAL BASÍLICA SÃO LUIZ GONZAGA;RUA JOAQUIM NABUCO, 543;CENTRO
76;332;CATEDRAL BASÍLICA SÃO LUIZ GONZAGA;RUA JOAQUIM NABUCO, 543;CENTRO
76;364;CATEDRAL BASÍLICA SÃO LUIZ GONZAGA;RUA JOAQUIM NABUCO, 543;CENTRO
76;385;CATEDRAL BASÍLICA SÃO LUIZ GONZAGA;RUA JOAQUIM NABUCO, 543;CENTRO
76;52;CENTRO SOCIAL URBANO - EMEI PEQUENO POLEGAR;RUA DEMÉTRIO RIBEIRO, 1085;GUARANI
76;113;CENTRO SOCIAL URBANO - EMEI PEQUENO POLEGAR;RUA DEMÉTRIO RIBEIRO, 1085;GUARANI
76;178;CENTRO SOCIAL URBANO - EMEI PEQUENO POLEGAR;RUA DEMÉTRIO RIBEIRO, 1085;GUARANI
76;214;CENTRO SOCIAL URBANO - EMEI PEQUENO POLEGAR;RUA DEMÉTRIO RIBEIRO, 1085;GUARANI
76;293;CENTRO SOCIAL URBANO - EMEI PEQUENO POLEGAR;RUA DEMÉTRIO RIBEIRO, 1085;GUARANI
76;350;CENTRO SOCIAL URBANO - EMEI PEQUENO POLEGAR;RUA DEMÉTRIO RIBEIRO, 1085;GUARANI
76;12;COLÉGIO ESTADUAL 25 DE JULHO;RUA JOSÉ DO PATROCÍNIO, 730;RIO BRANCO
76;25;COLÉGIO ESTADUAL 25 DE JULHO;RUA JOSÉ DO PATROCÍNIO, 730;RIO BRANCO
76;58;COLÉGIO ESTADUAL 25 DE JULHO;RUA JOSÉ DO PATROCÍNIO, 730;RIO BRANCO
76;67;COLÉGIO ESTADUAL 25 DE JULHO;RUA JOSÉ DO PATROCÍNIO, 730;RIO BRANCO
76;70;COLÉGIO ESTADUAL 25 DE JULHO;RUA JOSÉ DO PATROCÍNIO, 730;RIO BRANCO
76;82;COLÉGIO ESTADUAL 25 DE JULHO;RUA JOSÉ DO PATROCÍNIO, 730;RIO BRANCO
76;125;COLÉGIO ESTADUAL 25 DE JULHO;RUA JOSÉ DO PATROCÍNIO, 730;RIO BRANCO
76;185;COLÉGIO ESTADUAL 25 DE JULHO;RUA JOSÉ DO PATROCÍNIO, 730;RIO BRANCO
76;233;COLÉGIO ESTADUAL 25 DE JULHO;RUA JOSÉ DO PATROCÍNIO, 730;RIO BRANCO
76;240;COLÉGIO ESTADUAL 25 DE JULHO;RUA JOSÉ DO PATROCÍNIO, 730;RIO BRANCO
76;276;COLÉGIO ESTADUAL 25 DE JULHO;RUA JOSÉ DO PATROCÍNIO, 730;RIO BRANCO
76;300;COLÉGIO ESTADUAL 25 DE JULHO;RUA JOSÉ DO PATROCÍNIO, 730;RIO BRANCO
76;330;COLÉGIO ESTADUAL 25 DE JULHO;RUA JOSÉ DO PATROCÍNIO, 730;RIO BRANCO
76;377;COLÉGIO ESTADUAL 25 DE JULHO;RUA JOSÉ DO PATROCÍNIO, 730;RIO BRANCO
76;462;COLÉGIO ESTADUAL 25 DE JULHO;RUA JOSÉ DO PATROCÍNIO, 730;RIO BRANCO
76;468;COLÉGIO ESTADUAL 25 DE JULHO;RUA JOSÉ DO PATROCÍNIO, 730;RIO BRANCO
76;51;COLÉGIO ESTADUAL SENADOR ALBERTO PASQUALINI;RUA MARQUÊS DE SOUZA, 528;SAO JOSE
76;130;COLÉGIO ESTADUAL SENADOR ALBERTO PASQUALINI;RUA MARQUÊS DE SOUZA, 528;SAO JOSE
76;204;COLÉGIO ESTADUAL SENADOR ALBERTO PASQUALINI;RUA MARQUÊS DE SOUZA, 528;SAO JOSE
76;304;COLÉGIO ESTADUAL SENADOR ALBERTO PASQUALINI;RUA MARQUÊS DE SOUZA, 528;SAO JOSE
76;422;COLÉGIO ESTADUAL SENADOR ALBERTO PASQUALINI;RUA MARQUÊS DE SOUZA, 528;SAO JOSE
76;436;COLÉGIO ESTADUAL SENADOR ALBERTO PASQUALINI;RUA MARQUÊS DE SOUZA, 528;SAO JOSE
76;457;COLÉGIO ESTADUAL SENADOR ALBERTO PASQUALINI;RUA MARQUÊS DE SOUZA, 528;SAO JOSE
76;472;COLÉGIO ESTADUAL SENADOR ALBERTO PASQUALINI;RUA MARQUÊS DE SOUZA, 528;SAO JOSE
76;485;COLÉGIO ESTADUAL SENADOR ALBERTO PASQUALINI;RUA MARQUÊS DE SOUZA, 528;SAO JOSE
76;510;COLÉGIO ESTADUAL SENADOR ALBERTO PASQUALINI;RUA MARQUÊS DE SOUZA, 528;SAO JOSE
76;519;COLÉGIO ESTADUAL SENADOR ALBERTO PASQUALINI;RUA MARQUÊS DE SOUZA, 528;SAO JOSE
76;523;COLÉGIO ESTADUAL SENADOR ALBERTO PASQUALINI;RUA MARQUÊS DE SOUZA, 528;SAO JOSE
76;529;COLÉGIO ESTADUAL SENADOR ALBERTO PASQUALINI;RUA MARQUÊS DE SOUZA, 528;SAO JOSE
76;6;COLÉGIO ESTADUAL VILA BECKER;RUA BENTO MANOEL, 2281;OPERARIO
76;9;COLÉGIO ESTADUAL VILA BECKER;RUA BENTO MANOEL, 2281;OPERARIO
76;132;COLÉGIO ESTADUAL VILA BECKER;RUA BENTO MANOEL, 2281;OPERARIO
76;150;COLÉGIO ESTADUAL VILA BECKER;RUA BENTO MANOEL, 2281;OPERARIO
76;224;COLÉGIO ESTADUAL VILA BECKER;RUA BENTO MANOEL, 2281;OPERARIO
76;287;COLÉGIO ESTADUAL VILA BECKER;RUA BENTO MANOEL, 2281;OPERARIO
76;288;COLÉGIO ESTADUAL VILA BECKER;RUA BENTO MANOEL, 2281;OPERARIO
76;404;COLÉGIO ESTADUAL VILA BECKER;RUA BENTO MANOEL, 2281;OPERARIO
76;441;COLÉGIO ESTADUAL VILA BECKER;RUA BENTO MANOEL, 2281;OPERARIO
76;490;COLÉGIO ESTADUAL VILA BECKER;RUA BENTO MANOEL, 2281;OPERARIO
76;44;COLÉGIO MARISTA PIO XII;AVENIDA NICOLAU BECKER,182;VILA ROSA
76;48;COLÉGIO MARISTA PIO XII;AVENIDA NICOLAU BECKER,182;VILA ROSA
76;59;COLÉGIO MARISTA PIO XII;AVENIDA NICOLAU BECKER,182;VILA ROSA
76;69;COLÉGIO MARISTA PIO XII;AVENIDA NICOLAU BECKER,182;VILA ROSA
76;163;COLÉGIO MARISTA PIO XII;AVENIDA NICOLAU BECKER,182;VILA ROSA
76;174;COLÉGIO MARISTA PIO XII;AVENIDA NICOLAU BECKER,182;VILA ROSA
76;235;COLÉGIO MARISTA PIO XII;AVENIDA NICOLAU BECKER,182;VILA ROSA
76;280;COLÉGIO MARISTA PIO XII;AVENIDA NICOLAU BECKER,182;VILA ROSA
76;281;COLÉGIO MARISTA PIO XII;AVENIDA NICOLAU BECKER,182;VILA ROSA
76;384;COLÉGIO MARISTA PIO XII;AVENIDA NICOLAU BECKER,182;VILA ROSA
76;386;COLÉGIO MARISTA PIO XII;AVENIDA NICOLAU BECKER,182;VILA ROSA
76;474;COLÉGIO MARISTA PIO XII;AVENIDA NICOLAU BECKER,182;VILA ROSA
76;501;COLÉGIO MARISTA PIO XII;AVENIDA NICOLAU BECKER,182;VILA ROSA
76;16;COLÉGIO SANTA CATARINA;RUA GENERAL OSÓRIO, 729;HAMBURGO VELHO
76;21;COLÉGIO SANTA CATARINA;RUA GENERAL OSÓRIO, 729;HAMBURGO VELHO
76;22;COLÉGIO SANTA CATARINA;RUA GENERAL OSÓRIO, 729;HAMBURGO VELHO
76;38;COLÉGIO SANTA CATARINA;RUA GENERAL OSÓRIO, 729;HAMBURGO VELHO
76;92;COLÉGIO SANTA CATARINA;RUA GENERAL OSÓRIO, 729;HAMBURGO VELHO
76;156;COLÉGIO SANTA CATARINA;RUA GENERAL OSÓRIO, 729;HAMBURGO VELHO
76;158;COLÉGIO SANTA CATARINA;RUA GENERAL OSÓRIO, 729;HAMBURGO VELHO
76;193;COLÉGIO SANTA CATARINA;RUA GENERAL OSÓRIO, 729;HAMBURGO VELHO
76;203;COLÉGIO SANTA CATARINA;RUA GENERAL OSÓRIO, 729;HAMBURGO VELHO
76;219;COLÉGIO SANTA CATARINA;RUA GENERAL OSÓRIO, 729;HAMBURGO VELHO
76;245;COLÉGIO SANTA CATARINA;RUA GENERAL OSÓRIO, 729;HAMBURGO VELHO
76;263;COLÉGIO SANTA CATARINA;RUA GENERAL OSÓRIO, 729;HAMBURGO VELHO
76;290;COLÉGIO SANTA CATARINA;RUA GENERAL OSÓRIO, 729;HAMBURGO VELHO
76;309;COLÉGIO SANTA CATARINA;RUA GENERAL OSÓRIO, 729;HAMBURGO VELHO
76;349;COLÉGIO SANTA CATARINA;RUA GENERAL OSÓRIO, 729;HAMBURGO VELHO
76;366;COLÉGIO SANTA CATARINA;RUA GENERAL OSÓRIO, 729;HAMBURGO VELHO
76;398;COLÉGIO SANTA CATARINA;RUA GENERAL OSÓRIO, 729;HAMBURGO VELHO
76;399;COLÉGIO SANTA CATARINA;RUA GENERAL OSÓRIO, 729;HAMBURGO VELHO
76;400;COLÉGIO SANTA CATARINA;RUA GENERAL OSÓRIO, 729;HAMBURGO VELHO
76;418;COLÉGIO SANTA CATARINA;RUA GENERAL OSÓRIO, 729;HAMBURGO VELHO
76;32;EEEF FREDERICA SCHUTZ PACHECO;RUA LOURENÇO DA VEIGA, 70;OURO BRANCO
76;40;EEEF FREDERICA SCHUTZ PACHECO;RUA LOURENÇO DA VEIGA, 70;OURO BRANCO
76;104;EEEF FREDERICA SCHUTZ PACHECO;RUA LOURENÇO DA VEIGA, 70;OURO BRANCO
76;143;EEEF FREDERICA SCHUTZ PACHECO;RUA LOURENÇO DA VEIGA, 70;OURO BRANCO
76;175;EEEF FREDERICA SCHUTZ PACHECO;RUA LOURENÇO DA VEIGA, 70;OURO BRANCO
76;239;EEEF FREDERICA SCHUTZ PACHECO;RUA LOURENÇO DA VEIGA, 70;OURO BRANCO
76;312;EEEF FREDERICA SCHUTZ PACHECO;RUA LOURENÇO DA VEIGA, 70;OURO BRANCO
76;335;EEEF FREDERICA SCHUTZ PACHECO;RUA LOURENÇO DA VEIGA, 70;OURO BRANCO
76;360;EEEF FREDERICA SCHUTZ PACHECO;RUA LOURENÇO DA VEIGA, 70;OURO BRANCO
76;440;EEEF FREDERICA SCHUTZ PACHECO;RUA LOURENÇO DA VEIGA, 70;OURO BRANCO
76;8;EEEF OTÁVIO ROSA;RUA LOPO GONÇALVES, 89;PATRIA NOVA
76;68;EEEF OTÁVIO ROSA;RUA LOPO GONÇALVES, 89;PATRIA NOVA
76;314;EEEF OTÁVIO ROSA;RUA LOPO GONÇALVES, 89;PATRIA NOVA
76;464;EEEF OTÁVIO ROSA;RUA LOPO GONÇALVES, 89;PATRIA NOVA
76;477;EEEF OTÁVIO ROSA;RUA LOPO GONÇALVES, 89;PATRIA NOVA
76;18;EEEF PROFESSOR ALFREDO CLEMENTE PINTO;RUA OSVALDO CRUZ, 663;PRIMAVERA
76;84;EEEF PROFESSOR ALFREDO CLEMENTE PINTO;RUA OSVALDO CRUZ, 663;PRIMAVERA
76;129;EEEF PROFESSOR ALFREDO CLEMENTE PINTO;RUA OSVALDO CRUZ, 663;PRIMAVERA
76;186;EEEF PROFESSOR ALFREDO CLEMENTE PINTO;RUA OSVALDO CRUZ, 663;PRIMAVERA
76;222;EEEF PROFESSOR ALFREDO CLEMENTE PINTO;RUA OSVALDO CRUZ, 663;PRIMAVERA
76;253;EEEF PROFESSOR ALFREDO CLEMENTE PINTO;RUA OSVALDO CRUZ, 663;PRIMAVERA
76;291;EEEF PROFESSOR ALFREDO CLEMENTE PINTO;RUA OSVALDO CRUZ, 663;PRIMAVERA
76;327;EEEF PROFESSOR ALFREDO CLEMENTE PINTO;RUA OSVALDO CRUZ, 663;PRIMAVERA
76;365;EEEF PROFESSOR ALFREDO CLEMENTE PINTO;RUA OSVALDO CRUZ, 663;PRIMAVERA
76;512;EEEF PROFESSOR ALFREDO CLEMENTE PINTO;RUA OSVALDO CRUZ, 663;PRIMAVERA
76;15;EEEM DOM PEDRO II;RUA ESPANHA, 712;RINCAO
76;50;EEEM DOM PEDRO II;RUA ESPANHA, 712;RINCAO
76;97;EEEM DOM PEDRO II;RUA ESPANHA, 712;RINCAO
76;148;EEEM DOM PEDRO II;RUA ESPANHA, 712;RINCAO
76;194;EEEM DOM PEDRO II;RUA ESPANHA, 712;RINCAO
76;257;EEEM DOM PEDRO II;RUA ESPANHA, 712;RINCAO
76;289;EEEM DOM PEDRO II;RUA ESPANHA, 712;RINCAO
76;307;EEEM DOM PEDRO II;RUA ESPANHA, 712;RINCAO
76;375;EEEM DOM PEDRO II;RUA ESPANHA, 712;RINCAO
76;33;EEEM OSVALDO ARANHA;RUA TIMBAÚVA, 931;IDEAL
76;159;EEEM OSVALDO ARANHA;RUA TIMBAÚVA, 931;IDEAL
76;259;EEEM OSVALDO ARANHA;RUA TIMBAÚVA, 931;IDEAL
76;394;EEEM OSVALDO ARANHA;RUA TIMBAÚVA, 931;IDEAL
76;401;EEEM OSVALDO ARANHA;RUA TIMBAÚVA, 931;IDEAL
76;454;EEEM OSVALDO ARANHA;RUA TIMBAÚVA, 931;IDEAL
76;455;EEEM OSVALDO ARANHA;RUA TIMBAÚVA, 931;IDEAL
76;488;EEEM OSVALDO ARANHA;RUA TIMBAÚVA, 931;IDEAL
76;494;EMEB BOA SAÚDE;AVENIDA 22 DE OUTUBRO, 85;BOA SAUDE
76;495;EMEB BOA SAÚDE;AVENIDA 22 DE OUTUBRO, 85;BOA SAUDE
76;496;EMEB BOA SAÚDE;AVENIDA 22 DE OUTUBRO, 85;BOA SAUDE
76;497;EMEB BOA SAÚDE;AVENIDA 22 DE OUTUBRO, 85;BOA SAUDE
76;498;EMEB BOA SAÚDE;AVENIDA 22 DE OUTUBRO, 85;BOA SAUDE
76;499;EMEB BOA SAÚDE;AVENIDA 22 DE OUTUBRO, 85;BOA SAUDE
76;500;EMEB BOA SAÚDE;AVENIDA 22 DE OUTUBRO, 85;BOA SAUDE
76;503;EMEB BOA SAÚDE;AVENIDA 22 DE OUTUBRO, 85;BOA SAUDE
76;515;EMEB BOA SAÚDE;AVENIDA 22 DE OUTUBRO, 85;BOA SAUDE
76;522;EMEB BOA SAÚDE;AVENIDA 22 DE OUTUBRO, 85;BOA SAUDE
76;526;EMEB BOA SAÚDE;AVENIDA 22 DE OUTUBRO, 85;BOA SAUDE
76;528;EMEB BOA SAÚDE;AVENIDA 22 DE OUTUBRO, 85;BOA SAUDE
76;24;EMEB EUGÊNIO NELSON RITZEL;RUA DA CONQUISTA, 411 (LOT. KEPHAS I);SAO JOSE
76;90;EMEB EUGÊNIO NELSON RITZEL;RUA DA CONQUISTA, 411 (LOT. KEPHAS I);SAO JOSE
76;128;EMEB EUGÊNIO NELSON RITZEL;RUA DA CONQUISTA, 411 (LOT. KEPHAS I);SAO JOSE
76;188;EMEB EUGÊNIO NELSON RITZEL;RUA DA CONQUISTA, 411 (LOT. KEPHAS I);SAO JOSE
76;223;EMEB EUGÊNIO NELSON RITZEL;RUA DA CONQUISTA, 411 (LOT. KEPHAS I);SAO JOSE
76;260;EMEB EUGÊNIO NELSON RITZEL;RUA DA CONQUISTA, 411 (LOT. KEPHAS I);SAO JOSE
76;306;EMEB EUGÊNIO NELSON RITZEL;RUA DA CONQUISTA, 411 (LOT. KEPHAS I);SAO JOSE
76;339;EMEB EUGÊNIO NELSON RITZEL;RUA DA CONQUISTA, 411 (LOT. KEPHAS I);SAO JOSE
76;381;EMEB EUGÊNIO NELSON RITZEL;RUA DA CONQUISTA, 411 (LOT. KEPHAS I);SAO JOSE
76;414;EMEB EUGÊNIO NELSON RITZEL;RUA DA CONQUISTA, 411 (LOT. KEPHAS I);SAO JOSE
76;443;EMEB EUGÊNIO NELSON RITZEL;RUA DA CONQUISTA, 411 (LOT. KEPHAS I);SAO JOSE
76;492;EMEB EUGÊNIO NELSON RITZEL;RUA DA CONQUISTA, 411 (LOT. KEPHAS I);SAO JOSE
76;493;EMEB EUGÊNIO NELSON RITZEL;RUA DA CONQUISTA, 411 (LOT. KEPHAS I);SAO JOSE
76;513;EMEB EUGÊNIO NELSON RITZEL;RUA DA CONQUISTA, 411 (LOT. KEPHAS I);SAO JOSE
76;518;EMEB EUGÊNIO NELSON RITZEL;RUA DA CONQUISTA, 411 (LOT. KEPHAS I);SAO JOSE
76;43;EMEB FRANCISCA FELDMANN PEREIRA SAILE;RUA BENJAMIN ALTMAYER, 249;ROSELANDIA
76;151;EMEB FRANCISCA FELDMANN PEREIRA SAILE;RUA BENJAMIN ALTMAYER, 249;ROSELANDIA
76;205;EMEB FRANCISCA FELDMANN PEREIRA SAILE;RUA BENJAMIN ALTMAYER, 249;ROSELANDIA
76;328;EMEB FRANCISCA FELDMANN PEREIRA SAILE;RUA BENJAMIN ALTMAYER, 249;ROSELANDIA
76;380;EMEB FRANCISCA FELDMANN PEREIRA SAILE;RUA BENJAMIN ALTMAYER, 249;ROSELANDIA
76;432;EMEB FRANCISCA FELDMANN PEREIRA SAILE;RUA BENJAMIN ALTMAYER, 249;ROSELANDIA
76;467;EMEB FRANCISCA FELDMANN PEREIRA SAILE;RUA BENJAMIN ALTMAYER, 249;ROSELANDIA
76;508;EMEB FRANCISCA FELDMANN PEREIRA SAILE;RUA BENJAMIN ALTMAYER, 249;ROSELANDIA
76;514;EMEB FRANCISCA FELDMANN PEREIRA SAILE;RUA BENJAMIN ALTMAYER, 249;ROSELANDIA
76;521;EMEB FRANCISCA FELDMANN PEREIRA SAILE;RUA BENJAMIN ALTMAYER, 249;ROSELANDIA
76;525;EMEB FRANCISCA FELDMANN PEREIRA SAILE;RUA BENJAMIN ALTMAYER, 249;ROSELANDIA
76;301;EMEB IRMÃO NILO;AV. TARCÍSIO ANTÔNIO BRUXEL, 254 (ESQ. R. SANTO DIAS DA SILVA);BOA SAUDE
76;509;EMEB IRMÃO NILO;AV. TARCÍSIO ANTÔNIO BRUXEL, 254 (ESQ. R. SANTO DIAS DA SILVA);BOA SAUDE
76;517;EMEB IRMÃO NILO;AV. TARCÍSIO ANTÔNIO BRUXEL, 254 (ESQ. R. SANTO DIAS DA SILVA);BOA SAUDE
76;520;EMEB IRMÃO NILO;AV. TARCÍSIO ANTÔNIO BRUXEL, 254 (ESQ. R. SANTO DIAS DA SILVA);BOA SAUDE
76;524;EMEB IRMÃO NILO;AV. TARCÍSIO ANTÔNIO BRUXEL, 254 (ESQ. R. SANTO DIAS DA SILVA);BOA SAUDE
76;527;EMEB IRMÃO NILO;AV. TARCÍSIO ANTÔNIO BRUXEL, 254 (ESQ. R. SANTO DIAS DA SILVA);BOA SAUDE
76;29;EMEB MONTEIRO LOBATO;RUA IRMÃ LINA, 240;SAO JORGE
76;78;EMEB MONTEIRO LOBATO;RUA IRMÃ LINA, 240;SAO JORGE
76;101;EMEB MONTEIRO LOBATO;RUA IRMÃ LINA, 240;SAO JORGE
76;136;EMEB MONTEIRO LOBATO;RUA IRMÃ LINA, 240;SAO JORGE
76;184;EMEB MONTEIRO LOBATO;RUA IRMÃ LINA, 240;SAO JORGE
76;208;EMEB MONTEIRO LOBATO;RUA IRMÃ LINA, 240;SAO JORGE
76;244;EMEB MONTEIRO LOBATO;RUA IRMÃ LINA, 240;SAO JORGE
76;277;EMEB MONTEIRO LOBATO;RUA IRMÃ LINA, 240;SAO JORGE
76;323;EMEB MONTEIRO LOBATO;RUA IRMÃ LINA, 240;SAO JORGE
76;361;EMEB MONTEIRO LOBATO;RUA IRMÃ LINA, 240;SAO JORGE
76;412;EMEB MONTEIRO LOBATO;RUA IRMÃ LINA, 240;SAO JORGE
76;413;EMEB MONTEIRO LOBATO;RUA IRMÃ LINA, 240;SAO JORGE
76;452;EMEB MONTEIRO LOBATO;RUA IRMÃ LINA, 240;SAO JORGE
76;480;EMEB MONTEIRO LOBATO;RUA IRMÃ LINA, 240;SAO JORGE
76;502;EMEB MONTEIRO LOBATO;RUA IRMÃ LINA, 240;SAO JORGE
76;60;EMEB PRESIDENTE AFFONSO PENNA;RUA CAXAMBU, 298;VILA NOVA
76;234;EMEB PRESIDENTE AFFONSO PENNA;RUA CAXAMBU, 298;VILA NOVA
76;417;EMEB PRESIDENTE AFFONSO PENNA;RUA CAXAMBU, 298;VILA NOVA
76;463;EMEB PRESIDENTE AFFONSO PENNA;RUA CAXAMBU, 298;VILA NOVA
76;516;EMEB PRESIDENTE AFFONSO PENNA;RUA CAXAMBU, 298;VILA NOVA
76;4;EMEB PRESIDENTE JOÃO GOULART;RUA FINLÂNDIA, 507;PETROPOLIS
76;20;EMEB PRESIDENTE JOÃO GOULART;RUA FINLÂNDIA, 507;PETROPOLIS
76;55;EMEB PRESIDENTE JOÃO GOULART;RUA FINLÂNDIA, 507;PETROPOLIS
76;124;EMEB PRESIDENTE JOÃO GOULART;RUA FINLÂNDIA, 507;PETROPOLIS
76;126;EMEB PRESIDENTE JOÃO GOULART;RUA FINLÂNDIA, 507;PETROPOLIS
76;164;EMEB PRESIDENTE JOÃO GOULART;RUA FINLÂNDIA, 507;PETROPOLIS
76;167;EMEB PRESIDENTE JOÃO GOULART;RUA FINLÂNDIA, 507;PETROPOLIS
76;207;EMEB PRESIDENTE JOÃO GOULART;RUA FINLÂNDIA, 507;PETROPOLIS
76;218;EMEB PRESIDENTE JOÃO GOULART;RUA FINLÂNDIA, 507;PETROPOLIS
76;231;EMEB PRESIDENTE JOÃO GOULART;RUA FINLÂNDIA, 507;PETROPOLIS
76;298;EMEB PRESIDENTE JOÃO GOULART;RUA FINLÂNDIA, 507;PETROPOLIS
76;317;EMEB PRESIDENTE JOÃO GOULART;RUA FINLÂNDIA, 507;PETROPOLIS
76;326;EMEB PRESIDENTE JOÃO GOULART;RUA FINLÂNDIA, 507;PETROPOLIS
76;369;EMEB PRESIDENTE JOÃO GOULART;RUA FINLÂNDIA, 507;PETROPOLIS
76;408;EMEB PRESIDENTE JOÃO GOULART;RUA FINLÂNDIA, 507;PETROPOLIS
76;426;EMEB PRESIDENTE JOÃO GOULART;RUA FINLÂNDIA, 507;PETROPOLIS
76;471;EMEB PRESIDENTE JOÃO GOULART;RUA FINLÂNDIA, 507;PETROPOLIS
76;39;EMEB PRESIDENTE NILO PEÇANHA;RUA TUPINIQUINS, 134;IDEAL
76;85;EMEB PRESIDENTE NILO PEÇANHA;RUA TUPINIQUINS, 134;IDEAL
76;105;EMEB PRESIDENTE NILO PEÇANHA;RUA TUPINIQUINS, 134;IDEAL
76;137;EMEB PRESIDENTE NILO PEÇANHA;RUA TUPINIQUINS, 134;IDEAL
76;170;EMEB PRESIDENTE NILO PEÇANHA;RUA TUPINIQUINS, 134;IDEAL
76;217;EMEB PRESIDENTE NILO PEÇANHA;RUA TUPINIQUINS, 134;IDEAL
76;254;EMEB PRESIDENTE NILO PEÇANHA;RUA TUPINIQUINS, 134;IDEAL
76;297;EMEB PRESIDENTE NILO PEÇANHA;RUA TUPINIQUINS, 134;IDEAL
76;325;EMEB PRESIDENTE NILO PEÇANHA;RUA TUPINIQUINS, 134;IDEAL
76;352;EMEB PRESIDENTE NILO PEÇANHA;RUA TUPINIQUINS, 134;IDEAL
76;41;EMEB PRESIDENTE RODRIGUES ALVES;RUA TAQUARI, 494 (LOT. KEPHAS);SAO JOSE
76;114;EMEB PRESIDENTE RODRIGUES ALVES;RUA TAQUARI, 494 (LOT. KEPHAS);SAO JOSE
76;192;EMEB PRESIDENTE RODRIGUES ALVES;RUA TAQUARI, 494 (LOT. KEPHAS);SAO JOSE
76;247;EMEB PRESIDENTE RODRIGUES ALVES;RUA TAQUARI, 494 (LOT. KEPHAS);SAO JOSE
76;321;EMEB PRESIDENTE RODRIGUES ALVES;RUA TAQUARI, 494 (LOT. KEPHAS);SAO JOSE
76;511;EMEB PRESIDENTE RODRIGUES ALVES;RUA TAQUARI, 494 (LOT. KEPHAS);SAO JOSE
76;27;EMEB SÃO JOÃO;RUA ARAÚJO VIANA, 74;GUARANI
76;79;EMEB SÃO JOÃO;RUA ARAÚJO VIANA, 74;GUARANI
76;111;EMEB SÃO JOÃO;RUA ARAÚJO VIANA, 74;GUARANI
76;161;EMEB SÃO JOÃO;RUA ARAÚJO VIANA, 74;GUARANI
76;215;EMEB SÃO JOÃO;RUA ARAÚJO VIANA, 74;GUARANI
76;252;EMEB SÃO JOÃO;RUA ARAÚJO VIANA, 74;GUARANI
76;271;EMEB SÃO JOÃO;RUA ARAÚJO VIANA, 74;GUARANI
76;319;EMEB SÃO JOÃO;RUA ARAÚJO VIANA, 74;GUARANI
76;357;EMEB SÃO JOÃO;RUA ARAÚJO VIANA, 74;GUARANI
76;430;EMEB SÃO JOÃO;RUA ARAÚJO VIANA, 74;GUARANI
76;10;ESCOLA EVANGÉLICA OSWALDO CRUZ;RUA BENTO GONÇALVES, 2391;CENTRO
76;11;ESCOLA EVANGÉLICA OSWALDO CRUZ;RUA BENTO GONÇALVES, 2391;CENTRO
76;13;ESCOLA EVANGÉLICA OSWALDO CRUZ;RUA BENTO GONÇALVES, 2391;CENTRO
76;96;ESCOLA EVANGÉLICA OSWALDO CRUZ;RUA BENTO GONÇALVES, 2391;CENTRO
76;100;ESCOLA EVANGÉLICA OSWALDO CRUZ;RUA BENTO GONÇALVES, 2391;CENTRO
76;142;ESCOLA EVANGÉLICA OSWALDO CRUZ;RUA BENTO GONÇALVES, 2391;CENTRO
76;149;ESCOLA EVANGÉLICA OSWALDO CRUZ;RUA BENTO GONÇALVES, 2391;CENTRO
76;165;ESCOLA EVANGÉLICA OSWALDO CRUZ;RUA BENTO GONÇALVES, 2391;CENTRO
76;179;ESCOLA EVANGÉLICA OSWALDO CRUZ;RUA BENTO GONÇALVES, 2391;CENTRO
76;225;ESCOLA EVANGÉLICA OSWALDO CRUZ;RUA BENTO GONÇALVES, 2391;CENTRO
76;236;ESCOLA EVANGÉLICA OSWALDO CRUZ;RUA BENTO GONÇALVES, 2391;CENTRO
76;265;ESCOLA EVANGÉLICA OSWALDO CRUZ;RUA BENTO GONÇALVES, 2391;CENTRO
76;282;ESCOLA EVANGÉLICA OSWALDO CRUZ;RUA BENTO GONÇALVES, 2391;CENTRO
76;295;ESCOLA EVANGÉLICA OSWALDO CRUZ;RUA BENTO GONÇALVES, 2391;CENTRO
76;331;ESCOLA EVANGÉLICA OSWALDO CRUZ;RUA BENTO GONÇALVES, 2391;CENTRO
76;336;ESCOLA EVANGÉLICA OSWALDO CRUZ;RUA BENTO GONÇALVES, 2391;CENTRO
76;378;ESCOLA EVANGÉLICA OSWALDO CRUZ;RUA BENTO GONÇALVES, 2391;CENTRO
76;5;FUNDAÇÃO ESC. TÉC. LIBERATO SALZANO VIEIRA DA CUNHA;RUA INCONFIDENTES, 395;PRIMAVERA
76;56;FUNDAÇÃO ESC. TÉC. LIBERATO SALZANO VIEIRA DA CUNHA;RUA INCONFIDENTES, 395;PRIMAVERA
76;122;FUNDAÇÃO ESC. TÉC. LIBERATO SALZANO VIEIRA DA CUNHA;RUA INCONFIDENTES, 395;PRIMAVERA
76;251;FUNDAÇÃO ESC. TÉC. LIBERATO SALZANO VIEIRA DA CUNHA;RUA INCONFIDENTES, 395;PRIMAVERA
76;359;FUNDAÇÃO ESC. TÉC. LIBERATO SALZANO VIEIRA DA CUNHA;RUA INCONFIDENTES, 395;PRIMAVERA
76;406;FUNDAÇÃO ESC. TÉC. LIBERATO SALZANO VIEIRA DA CUNHA;RUA INCONFIDENTES, 395;PRIMAVERA
76;449;FUNDAÇÃO ESC. TÉC. LIBERATO SALZANO VIEIRA DA CUNHA;RUA INCONFIDENTES, 395;PRIMAVERA
76;475;FUNDAÇÃO ESC. TÉC. LIBERATO SALZANO VIEIRA DA CUNHA;RUA INCONFIDENTES, 395;PRIMAVERA
76;26;SOCIEDADE DE CANTO UNIÃO FRATERNAL;AV. PEDRO ADAMS FILHO, 3971;PATRIA NOVA
76;36;SOCIEDADE DE CANTO UNIÃO FRATERNAL;AV. PEDRO ADAMS FILHO, 3971;PATRIA NOVA
76;86;SOCIEDADE DE CANTO UNIÃO FRATERNAL;AV. PEDRO ADAMS FILHO, 3971;PATRIA NOVA
76;106;SOCIEDADE DE CANTO UNIÃO FRATERNAL;AV. PEDRO ADAMS FILHO, 3971;PATRIA NOVA
76;116;SOCIEDADE DE CANTO UNIÃO FRATERNAL;AV. PEDRO ADAMS FILHO, 3971;PATRIA NOVA
76;146;SOCIEDADE DE CANTO UNIÃO FRATERNAL;AV. PEDRO ADAMS FILHO, 3971;PATRIA NOVA
76;199;SOCIEDADE DE CANTO UNIÃO FRATERNAL;AV. PEDRO ADAMS FILHO, 3971;PATRIA NOVA
76;200;SOCIEDADE DE CANTO UNIÃO FRATERNAL;AV. PEDRO ADAMS FILHO, 3971;PATRIA NOVA
76;249;SOCIEDADE DE CANTO UNIÃO FRATERNAL;AV. PEDRO ADAMS FILHO, 3971;PATRIA NOVA
76;269;SOCIEDADE DE CANTO UNIÃO FRATERNAL;AV. PEDRO ADAMS FILHO, 3971;PATRIA NOVA
76;305;SOCIEDADE DE CANTO UNIÃO FRATERNAL;AV. PEDRO ADAMS FILHO, 3971;PATRIA NOVA
76;315;SOCIEDADE DE CANTO UNIÃO FRATERNAL;AV. PEDRO ADAMS FILHO, 3971;PATRIA NOVA
76;347;SOCIEDADE DE CANTO UNIÃO FRATERNAL;AV. PEDRO ADAMS FILHO, 3971;PATRIA NOVA
76;388;SOCIEDADE DE CANTO UNIÃO FRATERNAL;AV. PEDRO ADAMS FILHO, 3971;PATRIA NOVA
76;421;SOCIEDADE DE CANTO UNIÃO FRATERNAL;AV. PEDRO ADAMS FILHO, 3971;PATRIA NOVA
172;113;CENTRO ADMINISTRATIVO LEOPOLDO PETRY;RUA GUIA LOPES, 4201;CANUDOS
172;114;CENTRO ADMINISTRATIVO LEOPOLDO PETRY;RUA GUIA LOPES, 4201;CANUDOS
172;115;CENTRO ADMINISTRATIVO LEOPOLDO PETRY;RUA GUIA LOPES, 4201;CANUDOS
172;116;CENTRO ADMINISTRATIVO LEOPOLDO PETRY;RUA GUIA LOPES, 4201;CANUDOS
172;117;CENTRO ADMINISTRATIVO LEOPOLDO PETRY;RUA GUIA LOPES, 4201;CANUDOS
172;225;CENTRO ADMINISTRATIVO LEOPOLDO PETRY;RUA GUIA LOPES, 4201;CANUDOS
172;226;CENTRO ADMINISTRATIVO LEOPOLDO PETRY;RUA GUIA LOPES, 4201;CANUDOS
172;227;CENTRO ADMINISTRATIVO LEOPOLDO PETRY;RUA GUIA LOPES, 4201;CANUDOS
172;94;CENTRO SOCIAL MADRE REGINA;AVENIDA PEDRO ADAMS FILHO, 962;INDUSTRIAL
172;95;CENTRO SOCIAL MADRE REGINA;AVENIDA PEDRO ADAMS FILHO, 962;INDUSTRIAL
172;96;CENTRO SOCIAL MADRE REGINA;AVENIDA PEDRO ADAMS FILHO, 962;INDUSTRIAL
172;98;CENTRO SOCIAL MADRE REGINA;AVENIDA PEDRO ADAMS FILHO, 962;INDUSTRIAL
172;99;CENTRO SOCIAL MADRE REGINA;AVENIDA PEDRO ADAMS FILHO, 962;INDUSTRIAL
172;100;CENTRO SOCIAL MADRE REGINA;AVENIDA PEDRO ADAMS FILHO, 962;INDUSTRIAL
172;102;CENTRO SOCIAL MADRE REGINA;AVENIDA PEDRO ADAMS FILHO, 962;INDUSTRIAL
172;106;CENTRO SOCIAL MADRE REGINA;AVENIDA PEDRO ADAMS FILHO, 962;INDUSTRIAL
172;107;CENTRO SOCIAL MADRE REGINA;AVENIDA PEDRO ADAMS FILHO, 962;INDUSTRIAL
172;111;CENTRO SOCIAL MADRE REGINA;AVENIDA PEDRO ADAMS FILHO, 962;INDUSTRIAL
172;21;COLEGIO EST. ENGENHEIRO IGNACIO CHRISTIANO PLANGG (POLI CANUDOS);RUA GUILHERME OSCAR ODY, 153;CANUDOS
172;22;COLEGIO EST. ENGENHEIRO IGNACIO CHRISTIANO PLANGG (POLI CANUDOS);RUA GUILHERME OSCAR ODY, 153;CANUDOS
172;24;COLEGIO EST. ENGENHEIRO IGNACIO CHRISTIANO PLANGG (POLI CANUDOS);RUA GUILHERME OSCAR ODY, 153;CANUDOS
172;25;COLEGIO EST. ENGENHEIRO IGNACIO CHRISTIANO PLANGG (POLI CANUDOS);RUA GUILHERME OSCAR ODY, 153;CANUDOS
172;26;COLEGIO EST. ENGENHEIRO IGNACIO CHRISTIANO PLANGG (POLI CANUDOS);RUA GUILHERME OSCAR ODY, 153;CANUDOS
172;29;COLEGIO EST. ENGENHEIRO IGNACIO CHRISTIANO PLANGG (POLI CANUDOS);RUA GUILHERME OSCAR ODY, 153;CANUDOS
172;137;COLEGIO SINODAL DA PAZ (GINASIO);AV. PEDRO ADAMS FILHO, 1974;INDUSTRIAL
172;138;COLEGIO SINODAL DA PAZ (GINASIO);AV. PEDRO ADAMS FILHO, 1974;INDUSTRIAL
172;139;COLEGIO SINODAL DA PAZ (GINASIO);AV. PEDRO ADAMS FILHO, 1974;INDUSTRIAL
172;140;COLEGIO SINODAL DA PAZ (GINASIO);AV. PEDRO ADAMS FILHO, 1974;INDUSTRIAL
172;141;COLEGIO SINODAL DA PAZ (GINASIO);AV. PEDRO ADAMS FILHO, 1974;INDUSTRIAL
172;142;COLEGIO SINODAL DA PAZ (GINASIO);AV. PEDRO ADAMS FILHO, 1974;INDUSTRIAL
172;143;COLEGIO SINODAL DA PAZ (GINASIO);AV. PEDRO ADAMS FILHO, 1974;INDUSTRIAL
172;144;COLEGIO SINODAL DA PAZ (GINASIO);AV. PEDRO ADAMS FILHO, 1974;INDUSTRIAL
172;145;COLEGIO SINODAL DA PAZ (GINASIO);AV. PEDRO ADAMS FILHO, 1974;INDUSTRIAL
172;146;COLEGIO SINODAL DA PAZ (GINASIO);AV. PEDRO ADAMS FILHO, 1974;INDUSTRIAL
172;169;COLEGIO SINODAL DA PAZ (GINASIO);AV. PEDRO ADAMS FILHO, 1974;INDUSTRIAL
172;170;COLEGIO SINODAL DA PAZ (GINASIO);AV. PEDRO ADAMS FILHO, 1974;INDUSTRIAL
172;171;COLEGIO SINODAL DA PAZ (GINASIO);AV. PEDRO ADAMS FILHO, 1974;INDUSTRIAL
172;172;COLEGIO SINODAL DA PAZ (GINASIO);AV. PEDRO ADAMS FILHO, 1974;INDUSTRIAL
172;173;COLEGIO SINODAL DA PAZ (GINASIO);AV. PEDRO ADAMS FILHO, 1974;INDUSTRIAL
172;174;COLEGIO SINODAL DA PAZ (GINASIO);AV. PEDRO ADAMS FILHO, 1974;INDUSTRIAL
172;32;EEEF JOAO RIBEIRO;RUA FLORENCA, 103;CANUDOS
172;33;EEEF JOAO RIBEIRO;RUA FLORENCA, 103;CANUDOS
172;34;EEEF JOAO RIBEIRO;RUA FLORENCA, 103;CANUDOS
172;35;EEEF JOAO RIBEIRO;RUA FLORENCA, 103;CANUDOS
172;36;EEEF JOAO RIBEIRO;RUA FLORENCA, 103;CANUDOS
172;37;EEEF JOAO RIBEIRO;RUA FLORENCA, 103;CANUDOS
172;71;EEEF JOAO RIBEIRO;RUA FLORENCA, 103;CANUDOS
172;72;EEEF JOAO RIBEIRO;RUA FLORENCA, 103;CANUDOS
172;73;EEEF JOAO RIBEIRO;RUA FLORENCA, 103;CANUDOS
172;74;EEEF JOAO RIBEIRO;RUA FLORENCA, 103;CANUDOS
172;75;EEEF JOAO RIBEIRO;RUA FLORENCA, 103;CANUDOS
172;76;EEEF JOAO RIBEIRO;RUA FLORENCA, 103;CANUDOS
172;77;EEEF JOAO RIBEIRO;RUA FLORENCA, 103;CANUDOS
172;78;EEEF JOAO RIBEIRO;RUA FLORENCA, 103;CANUDOS
172;79;EEEF JOAO RIBEIRO;RUA FLORENCA, 103;CANUDOS
172;80;EEEF JOAO RIBEIRO;RUA FLORENCA, 103;CANUDOS
172;81;EEEF JOAO RIBEIRO;RUA FLORENCA, 103;CANUDOS
172;82;EEEF JOAO RIBEIRO;RUA FLORENCA, 103;CANUDOS
172;160;EEEF LEOPOLDO PETRY;RUA BARTOLOMEU DE GUSMAO, 3790;CANUDOS
172;161;EEEF LEOPOLDO PETRY;RUA BARTOLOMEU DE GUSMAO, 3790;CANUDOS
172;162;EEEF LEOPOLDO PETRY;RUA BARTOLOMEU DE GUSMAO, 3790;CANUDOS
172;163;EEEF LEOPOLDO PETRY;RUA BARTOLOMEU DE GUSMAO, 3790;CANUDOS
172;164;EEEF LEOPOLDO PETRY;RUA BARTOLOMEU DE GUSMAO, 3790;CANUDOS
172;165;EEEF LEOPOLDO PETRY;RUA BARTOLOMEU DE GUSMAO, 3790;CANUDOS
172;166;EEEF LEOPOLDO PETRY;RUA BARTOLOMEU DE GUSMAO, 3790;CANUDOS
172;167;EEEF LEOPOLDO PETRY;RUA BARTOLOMEU DE GUSMAO, 3790;CANUDOS
172;168;EEEF LEOPOLDO PETRY;RUA BARTOLOMEU DE GUSMAO, 3790;CANUDOS
172;254;EEEF NO BAIRRO SANTO AFONSO;AV. BUENOS AIRES, 793;SANTO AFONSO
172;259;EEEF NO BAIRRO SANTO AFONSO;AV. BUENOS AIRES, 793;SANTO AFONSO
172;261;EEEF NO BAIRRO SANTO AFONSO;AV. BUENOS AIRES, 793;SANTO AFONSO
172;267;EEEF NO BAIRRO SANTO AFONSO;AV. BUENOS AIRES, 793;SANTO AFONSO
172;268;EEEF NO BAIRRO SANTO AFONSO;AV. BUENOS AIRES, 793;SANTO AFONSO
172;271;EEEF NO BAIRRO SANTO AFONSO;AV. BUENOS AIRES, 793;SANTO AFONSO
172;280;EEEF NO BAIRRO SANTO AFONSO;AV. BUENOS AIRES, 793;SANTO AFONSO
172;287;EEEF NO BAIRRO SANTO AFONSO;AV. BUENOS AIRES, 793;SANTO AFONSO
172;297;EEEF NO BAIRRO SANTO AFONSO;AV. BUENOS AIRES, 793;SANTO AFONSO
172;228;EEEM ANTONIO AUGUSTO BORGES DE MEDEIROS(POLI RONDONIA);RUA IPIRANGA, 430;RONDONIA
172;229;EEEM ANTONIO AUGUSTO BORGES DE MEDEIROS(POLI RONDONIA);RUA IPIRANGA, 430;RONDONIA
172;230;EEEM ANTONIO AUGUSTO BORGES DE MEDEIROS(POLI RONDONIA);RUA IPIRANGA, 430;RONDONIA
172;231;EEEM ANTONIO AUGUSTO BORGES DE MEDEIROS(POLI RONDONIA);RUA IPIRANGA, 430;RONDONIA
172;232;EEEM ANTONIO AUGUSTO BORGES DE MEDEIROS(POLI RONDONIA);RUA IPIRANGA, 430;RONDONIA
172;233;EEEM ANTONIO AUGUSTO BORGES DE MEDEIROS(POLI RONDONIA);RUA IPIRANGA, 430;RONDONIA
172;234;EEEM ANTONIO AUGUSTO BORGES DE MEDEIROS(POLI RONDONIA);RUA IPIRANGA, 430;RONDONIA
172;235;EEEM ANTONIO AUGUSTO BORGES DE MEDEIROS(POLI RONDONIA);RUA IPIRANGA, 430;RONDONIA
172;251;EEEM ANTONIO AUGUSTO BORGES DE MEDEIROS(POLI RONDONIA);RUA IPIRANGA, 430;RONDONIA
172;257;EEEM ANTONIO AUGUSTO BORGES DE MEDEIROS(POLI RONDONIA);RUA IPIRANGA, 430;RONDONIA
172;263;EEEM ANTONIO AUGUSTO BORGES DE MEDEIROS(POLI RONDONIA);RUA IPIRANGA, 430;RONDONIA
172;265;EEEM ANTONIO AUGUSTO BORGES DE MEDEIROS(POLI RONDONIA);RUA IPIRANGA, 430;RONDONIA
172;273;EEEM ANTONIO AUGUSTO BORGES DE MEDEIROS(POLI RONDONIA);RUA IPIRANGA, 430;RONDONIA
172;291;EEEM ANTONIO AUGUSTO BORGES DE MEDEIROS(POLI RONDONIA);RUA IPIRANGA, 430;RONDONIA
172;307;EEEM ANTONIO AUGUSTO BORGES DE MEDEIROS(POLI RONDONIA);RUA IPIRANGA, 430;RONDONIA
172;196;EMEB ANITA GARIBALDI;RUA MUNDO NOVO, 222;CANUDOS
172;197;EMEB ANITA GARIBALDI;RUA MUNDO NOVO, 222;CANUDOS
172;198;EMEB ANITA GARIBALDI;RUA MUNDO NOVO, 222;CANUDOS
172;199;EMEB ANITA GARIBALDI;RUA MUNDO NOVO, 222;CANUDOS
172;200;EMEB ANITA GARIBALDI;RUA MUNDO NOVO, 222;CANUDOS
172;250;EMEB ANITA GARIBALDI;RUA MUNDO NOVO, 222;CANUDOS
172;256;EMEB ANITA GARIBALDI;RUA MUNDO NOVO, 222;CANUDOS
172;264;EMEB ANITA GARIBALDI;RUA MUNDO NOVO, 222;CANUDOS
172;274;EMEB ANITA GARIBALDI;RUA MUNDO NOVO, 222;CANUDOS
172;286;EMEB ANITA GARIBALDI;RUA MUNDO NOVO, 222;CANUDOS
172;295;EMEB ANITA GARIBALDI;RUA MUNDO NOVO, 222;CANUDOS
172;83;EMEB ARNALDO GRIN;AVENIDA MONTEVIDEO, 902;SANTO AFONSO
172;84;EMEB ARNALDO GRIN;AVENIDA MONTEVIDEO, 902;SANTO AFONSO
172;85;EMEB ARNALDO GRIN;AVENIDA MONTEVIDEO, 902;SANTO AFONSO
172;86;EMEB ARNALDO GRIN;AVENIDA MONTEVIDEO, 902;SANTO AFONSO
172;87;EMEB ARNALDO GRIN;AVENIDA MONTEVIDEO, 902;SANTO AFONSO
172;88;EMEB ARNALDO GRIN;AVENIDA MONTEVIDEO, 902;SANTO AFONSO
172;89;EMEB ARNALDO GRIN;AVENIDA MONTEVIDEO, 902;SANTO AFONSO
172;90;EMEB ARNALDO GRIN;AVENIDA MONTEVIDEO, 902;SANTO AFONSO
172;91;EMEB ARNALDO GRIN;AVENIDA MONTEVIDEO, 902;SANTO AFONSO
172;92;EMEB ARNALDO GRIN;AVENIDA MONTEVIDEO, 902;SANTO AFONSO
172;93;EMEB ARNALDO GRIN;AVENIDA MONTEVIDEO, 902;SANTO AFONSO
172;182;EMEB CASTRO ALVES;ESTRADA DA INTEGRACAO LEOPOLDO PETRY, 1055;LOMBA GRANDE
172;183;EMEB CASTRO ALVES;ESTRADA DA INTEGRACAO LEOPOLDO PETRY, 1055;LOMBA GRANDE
172;184;EMEB CASTRO ALVES;ESTRADA DA INTEGRACAO LEOPOLDO PETRY, 1055;LOMBA GRANDE
172;239;EMEB CASTRO ALVES;ESTRADA DA INTEGRACAO LEOPOLDO PETRY, 1055;LOMBA GRANDE
172;290;EMEB CASTRO ALVES;ESTRADA DA INTEGRACAO LEOPOLDO PETRY, 1055;LOMBA GRANDE
172;303;EMEB CASTRO ALVES;ESTRADA DA INTEGRACAO LEOPOLDO PETRY, 1055;LOMBA GRANDE
172;185;EMEB CONDE D'EU;RUA ALVINO ALBERTO JUNGBLUTH, 901 (QUILOMBO DO SUL - ZONA RURAL);LOMBA GRANDE
172;125;EMEB DARCY BORGES DE CASTILHOS;RUA TABATINGA,430;LIBERDADE
172;126;EMEB DARCY BORGES DE CASTILHOS;RUA TABATINGA,430;LIBERDADE
172;221;EMEB DARCY BORGES DE CASTILHOS;RUA TABATINGA,430;LIBERDADE
172;222;EMEB DARCY BORGES DE CASTILHOS;RUA TABATINGA,430;LIBERDADE
172;236;EMEB DARCY BORGES DE CASTILHOS;RUA TABATINGA,430;LIBERDADE
172;237;EMEB DARCY BORGES DE CASTILHOS;RUA TABATINGA,430;LIBERDADE
172;238;EMEB DARCY BORGES DE CASTILHOS;RUA TABATINGA,430;LIBERDADE
172;293;EMEB DARCY BORGES DE CASTILHOS;RUA TABATINGA,430;LIBERDADE
172;270;EMEB FRANCISCO XAVIER KUNST;RUA QUATRO, N. 120, LOTEAM. MORADA DOS EUCALIPTOS;CANUDOS
172;277;EMEB FRANCISCO XAVIER KUNST;RUA QUATRO, N. 120, LOTEAM. MORADA DOS EUCALIPTOS;CANUDOS
172;285;EMEB FRANCISCO XAVIER KUNST;RUA QUATRO, N. 120, LOTEAM. MORADA DOS EUCALIPTOS;CANUDOS
172;296;EMEB FRANCISCO XAVIER KUNST;RUA QUATRO, N. 120, LOTEAM. MORADA DOS EUCALIPTOS;CANUDOS
172;305;EMEB FRANCISCO XAVIER KUNST;RUA QUATRO, N. 120, LOTEAM. MORADA DOS EUCALIPTOS;CANUDOS
172;211;EMEB HARRY ROTH;AV. MONTEVIDEO, 540;SANTO AFONSO
172;212;EMEB HARRY ROTH;AV. MONTEVIDEO, 540;SANTO AFONSO
172;213;EMEB HARRY ROTH;AV. MONTEVIDEO, 540;SANTO AFONSO
172;214;EMEB HARRY ROTH;AV. MONTEVIDEO, 540;SANTO AFONSO
172;215;EMEB HARRY ROTH;AV. MONTEVIDEO, 540;SANTO AFONSO
172;216;EMEB HARRY ROTH;AV. MONTEVIDEO, 540;SANTO AFONSO
172;217;EMEB HARRY ROTH;AV. MONTEVIDEO, 540;SANTO AFONSO
172;218;EMEB HARRY ROTH;AV. MONTEVIDEO, 540;SANTO AFONSO
172;253;EMEB HARRY ROTH;AV. MONTEVIDEO, 540;SANTO AFONSO
172;269;EMEB HARRY ROTH;AV. MONTEVIDEO, 540;SANTO AFONSO
172;283;EMEB HARRY ROTH;AV. MONTEVIDEO, 540;SANTO AFONSO
172;147;EMEB JORGE EWALDO KOCH;RUA CARLOS DIENSTBACH, 308;RONDONIA
172;148;EMEB JORGE EWALDO KOCH;RUA CARLOS DIENSTBACH, 308;RONDONIA
172;149;EMEB JORGE EWALDO KOCH;RUA CARLOS DIENSTBACH, 308;RONDONIA
172;150;EMEB JORGE EWALDO KOCH;RUA CARLOS DIENSTBACH, 308;RONDONIA
172;151;EMEB JORGE EWALDO KOCH;RUA CARLOS DIENSTBACH, 308;RONDONIA
172;152;EMEB JORGE EWALDO KOCH;RUA CARLOS DIENSTBACH, 308;RONDONIA
172;153;EMEB JORGE EWALDO KOCH;RUA CARLOS DIENSTBACH, 308;RONDONIA
172;154;EMEB JORGE EWALDO KOCH;RUA CARLOS DIENSTBACH, 308;RONDONIA
172;155;EMEB JORGE EWALDO KOCH;RUA CARLOS DIENSTBACH, 308;RONDONIA
172;156;EMEB JORGE EWALDO KOCH;RUA CARLOS DIENSTBACH, 308;RONDONIA
172;157;EMEB JORGE EWALDO KOCH;RUA CARLOS DIENSTBACH, 308;RONDONIA
172;158;EMEB JORGE EWALDO KOCH;RUA CARLOS DIENSTBACH, 308;RONDONIA
172;159;EMEB JORGE EWALDO KOCH;RUA CARLOS DIENSTBACH, 308;RONDONIA
172;187;EMEB JOSE DE ANCHIETA;ESTRADA ANDRE HAUBERT, 11.740, SAO JOAO DO DESERTO (ZONA RURAL);LOMBA GRANDE
172;194;EMEB JOSE DE ANCHIETA;ESTRADA ANDRE HAUBERT, 11.740, SAO JOAO DO DESERTO (ZONA RURAL);LOMBA GRANDE
172;12;EMEB MACHADO DE ASSIS;RUA WALKIRIA SPINDLER, 110;CANUDOS
172;13;EMEB MACHADO DE ASSIS;RUA WALKIRIA SPINDLER, 110;CANUDOS
172;14;EMEB MACHADO DE ASSIS;RUA WALKIRIA SPINDLER, 110;CANUDOS
172;15;EMEB MACHADO DE ASSIS;RUA WALKIRIA SPINDLER, 110;CANUDOS
172;16;EMEB MACHADO DE ASSIS;RUA WALKIRIA SPINDLER, 110;CANUDOS
172;17;EMEB MACHADO DE ASSIS;RUA WALKIRIA SPINDLER, 110;CANUDOS
172;18;EMEB MACHADO DE ASSIS;RUA WALKIRIA SPINDLER, 110;CANUDOS
172;19;EMEB MACHADO DE ASSIS;RUA WALKIRIA SPINDLER, 110;CANUDOS
172;20;EMEB MACHADO DE ASSIS;RUA WALKIRIA SPINDLER, 110;CANUDOS
172;206;EMEB MARTHA WARTENBERG;RUA SILVIO GILBERTO CHRISTMANN, 1351;CANUDOS
172;207;EMEB MARTHA WARTENBERG;RUA SILVIO GILBERTO CHRISTMANN, 1351;CANUDOS
172;208;EMEB MARTHA WARTENBERG;RUA SILVIO GILBERTO CHRISTMANN, 1351;CANUDOS
172;240;EMEB MARTHA WARTENBERG;RUA SILVIO GILBERTO CHRISTMANN, 1351;CANUDOS
172;241;EMEB MARTHA WARTENBERG;RUA SILVIO GILBERTO CHRISTMANN, 1351;CANUDOS
172;242;EMEB MARTHA WARTENBERG;RUA SILVIO GILBERTO CHRISTMANN, 1351;CANUDOS
172;245;EMEB MARTHA WARTENBERG;RUA SILVIO GILBERTO CHRISTMANN, 1351;CANUDOS
172;249;EMEB MARTHA WARTENBERG;RUA SILVIO GILBERTO CHRISTMANN, 1351;CANUDOS
172;252;EMEB MARTHA WARTENBERG;RUA SILVIO GILBERTO CHRISTMANN, 1351;CANUDOS
172;255;EMEB MARTHA WARTENBERG;RUA SILVIO GILBERTO CHRISTMANN, 1351;CANUDOS
172;258;EMEB MARTHA WARTENBERG;RUA SILVIO GILBERTO CHRISTMANN, 1351;CANUDOS
172;260;EMEB MARTHA WARTENBERG;RUA SILVIO GILBERTO CHRISTMANN, 1351;CANUDOS
172;262;EMEB MARTHA WARTENBERG;RUA SILVIO GILBERTO CHRISTMANN, 1351;CANUDOS
172;266;EMEB MARTHA WARTENBERG;RUA SILVIO GILBERTO CHRISTMANN, 1351;CANUDOS
172;175;EMEB PADRE REUS;RUA FLAMENGO, 186;SANTO AFONSO
172;176;EMEB PADRE REUS;RUA FLAMENGO, 186;SANTO AFONSO
172;177;EMEB PADRE REUS;RUA FLAMENGO, 186;SANTO AFONSO
172;178;EMEB PADRE REUS;RUA FLAMENGO, 186;SANTO AFONSO
172;179;EMEB PADRE REUS;RUA FLAMENGO, 186;SANTO AFONSO
172;180;EMEB PADRE REUS;RUA FLAMENGO, 186;SANTO AFONSO
172;181;EMEB PADRE REUS;RUA FLAMENGO, 186;SANTO AFONSO
172;210;EMEB PADRE REUS;RUA FLAMENGO, 186;SANTO AFONSO
172;298;EMEB PADRE REUS;RUA FLAMENGO, 186;SANTO AFONSO
172;38;EMEB PRESIDENTE CASTELO BRANCO;RUA IRMA AMALIA, 252;CANUDOS
172;39;EMEB PRESIDENTE CASTELO BRANCO;RUA IRMA AMALIA, 252;CANUDOS
172;40;EMEB PRESIDENTE CASTELO BRANCO;RUA IRMA AMALIA, 252;CANUDOS
172;41;EMEB PRESIDENTE CASTELO BRANCO;RUA IRMA AMALIA, 252;CANUDOS
172;195;EMEB PRESIDENTE DEODORO DA FONSECA;RUA HAMBURGO, 635;CANUDOS
172;201;EMEB PRESIDENTE DEODORO DA FONSECA;RUA HAMBURGO, 635;CANUDOS
172;202;EMEB PRESIDENTE DEODORO DA FONSECA;RUA HAMBURGO, 635;CANUDOS
172;203;EMEB PRESIDENTE DEODORO DA FONSECA;RUA HAMBURGO, 635;CANUDOS
172;204;EMEB PRESIDENTE DEODORO DA FONSECA;RUA HAMBURGO, 635;CANUDOS
172;205;EMEB PRESIDENTE DEODORO DA FONSECA;RUA HAMBURGO, 635;CANUDOS
172;272;EMEB PRESIDENTE DEODORO DA FONSECA;RUA HAMBURGO, 635;CANUDOS
172;299;EMEB PRESIDENTE DEODORO DA FONSECA;RUA HAMBURGO, 635;CANUDOS
172;42;EMEB PRESIDENTE FLORIANO PEIXOTO;RUA AMERICO VESPUCIO, 640;CANUDOS
172;44;EMEB PRESIDENTE FLORIANO PEIXOTO;RUA AMERICO VESPUCIO, 640;CANUDOS
172;46;EMEB PRESIDENTE FLORIANO PEIXOTO;RUA AMERICO VESPUCIO, 640;CANUDOS
172;127;EMEB PRESIDENTE HERMES DA FONSECA;RUA RIO TIETE, 258;LIBERDADE
172;128;EMEB PRESIDENTE HERMES DA FONSECA;RUA RIO TIETE, 258;LIBERDADE
172;129;EMEB PRESIDENTE HERMES DA FONSECA;RUA RIO TIETE, 258;LIBERDADE
172;130;EMEB PRESIDENTE HERMES DA FONSECA;RUA RIO TIETE, 258;LIBERDADE
172;131;EMEB PRESIDENTE HERMES DA FONSECA;RUA RIO TIETE, 258;LIBERDADE
172;132;EMEB PRESIDENTE HERMES DA FONSECA;RUA RIO TIETE, 258;LIBERDADE
172;133;EMEB PRESIDENTE HERMES DA FONSECA;RUA RIO TIETE, 258;LIBERDADE
172;134;EMEB PRESIDENTE HERMES DA FONSECA;RUA RIO TIETE, 258;LIBERDADE
172;135;EMEB PRESIDENTE HERMES DA FONSECA;RUA RIO TIETE, 258;LIBERDADE
172;136;EMEB PRESIDENTE HERMES DA FONSECA;RUA RIO TIETE, 258;LIBERDADE
172;186;EMEB PRESIDENTE WASHINGTON LUIZ;ESTRADA AFFONSO STRACK, 6233 (SANTA MARIA DO BUTIA - ZONA RURAL);LOMBA GRANDE
172;48;EMEB SENADOR SALGADO FILHO;RUA VEREADOR OSCAR HORN, 1046;CANUDOS
172;49;EMEB SENADOR SALGADO FILHO;RUA VEREADOR OSCAR HORN, 1046;CANUDOS
172;50;EMEB SENADOR SALGADO FILHO;RUA VEREADOR OSCAR HORN, 1046;CANUDOS
172;51;EMEB SENADOR SALGADO FILHO;RUA VEREADOR OSCAR HORN, 1046;CANUDOS
172;52;EMEB SENADOR SALGADO FILHO;RUA VEREADOR OSCAR HORN, 1046;CANUDOS
172;53;EMEB SENADOR SALGADO FILHO;RUA VEREADOR OSCAR HORN, 1046;CANUDOS
172;54;EMEB SENADOR SALGADO FILHO;RUA VEREADOR OSCAR HORN, 1046;CANUDOS
172;55;EMEB SENADOR SALGADO FILHO;RUA VEREADOR OSCAR HORN, 1046;CANUDOS
172;56;EMEB SENADOR SALGADO FILHO;RUA VEREADOR OSCAR HORN, 1046;CANUDOS
172;57;EMEB SENADOR SALGADO FILHO;RUA VEREADOR OSCAR HORN, 1046;CANUDOS
172;58;EMEB SENADOR SALGADO FILHO;RUA VEREADOR OSCAR HORN, 1046;CANUDOS
172;59;EMEB SENADOR SALGADO FILHO;RUA VEREADOR OSCAR HORN, 1046;CANUDOS
172;60;EMEB SENADOR SALGADO FILHO;RUA VEREADOR OSCAR HORN, 1046;CANUDOS
172;61;EMEB SENADOR SALGADO FILHO;RUA VEREADOR OSCAR HORN, 1046;CANUDOS
172;62;EMEB SENADOR SALGADO FILHO;RUA VEREADOR OSCAR HORN, 1046;CANUDOS
172;63;EMEB SENADOR SALGADO FILHO;RUA VEREADOR OSCAR HORN, 1046;CANUDOS
172;64;EMEB SENADOR SALGADO FILHO;RUA VEREADOR OSCAR HORN, 1046;CANUDOS
172;65;EMEB SENADOR SALGADO FILHO;RUA VEREADOR OSCAR HORN, 1046;CANUDOS
172;66;EMEB SENADOR SALGADO FILHO;RUA VEREADOR OSCAR HORN, 1046;CANUDOS
172;67;EMEB SENADOR SALGADO FILHO;RUA VEREADOR OSCAR HORN, 1046;CANUDOS
172;68;EMEB SENADOR SALGADO FILHO;RUA VEREADOR OSCAR HORN, 1046;CANUDOS
172;69;EMEB SENADOR SALGADO FILHO;RUA VEREADOR OSCAR HORN, 1046;CANUDOS
172;70;EMEB SENADOR SALGADO FILHO;RUA VEREADOR OSCAR HORN, 1046;CANUDOS
172;1;ESCOLA ADVENTISTA DE ENS. FUND. CANUDOS;RUA VEREADOR CARLOS EMILIO KOLLING, 92;CANUDOS
172;2;ESCOLA ADVENTISTA DE ENS. FUND. CANUDOS;RUA VEREADOR CARLOS EMILIO KOLLING, 92;CANUDOS
172;3;ESCOLA ADVENTISTA DE ENS. FUND. CANUDOS;RUA VEREADOR CARLOS EMILIO KOLLING, 92;CANUDOS
172;4;ESCOLA ADVENTISTA DE ENS. FUND. CANUDOS;RUA VEREADOR CARLOS EMILIO KOLLING, 92;CANUDOS
172;5;ESCOLA ADVENTISTA DE ENS. FUND. CANUDOS;RUA VEREADOR CARLOS EMILIO KOLLING, 92;CANUDOS
172;118;FEEVALE (CAMPUS I - ASSOC. PRÓ-ENS. SUP. EM NH);AVENIDA MAURICIO CARDOSO, 510;JARDIM MAUA
172;119;FEEVALE (CAMPUS I - ASSOC. PRÓ-ENS. SUP. EM NH);AVENIDA MAURICIO CARDOSO, 510;JARDIM MAUA
172;120;FEEVALE (CAMPUS I - ASSOC. PRÓ-ENS. SUP. EM NH);AVENIDA MAURICIO CARDOSO, 510;JARDIM MAUA
172;121;FEEVALE (CAMPUS I - ASSOC. PRÓ-ENS. SUP. EM NH);AVENIDA MAURICIO CARDOSO, 510;JARDIM MAUA
172;122;FEEVALE (CAMPUS I - ASSOC. PRÓ-ENS. SUP. EM NH);AVENIDA MAURICIO CARDOSO, 510;JARDIM MAUA
172;123;FEEVALE (CAMPUS I - ASSOC. PRÓ-ENS. SUP. EM NH);AVENIDA MAURICIO CARDOSO, 510;JARDIM MAUA
172;124;FEEVALE (CAMPUS I - ASSOC. PRÓ-ENS. SUP. EM NH);AVENIDA MAURICIO CARDOSO, 510;JARDIM MAUA
172;219;FEEVALE (CAMPUS I - ASSOC. PRÓ-ENS. SUP. EM NH);AVENIDA MAURICIO CARDOSO, 510;JARDIM MAUA
172;220;FEEVALE (CAMPUS I - ASSOC. PRÓ-ENS. SUP. EM NH);AVENIDA MAURICIO CARDOSO, 510;JARDIM MAUA
172;189;GINASIO DE ESPORTES-PAROQUIA SAO JOSE-LOMBA GRANDE(EX SALAO PAROQUIAL);RUA JOAO ALOISIO ALLGAYER, 1311 (CENTRINHO DE LOMBA - ZONA RURAL);LOMBA GRANDE
172;190;GINASIO DE ESPORTES-PAROQUIA SAO JOSE-LOMBA GRANDE(EX SALAO PAROQUIAL);RUA JOAO ALOISIO ALLGAYER, 1311 (CENTRINHO DE LOMBA - ZONA RURAL);LOMBA GRANDE
172;191;GINASIO DE ESPORTES-PAROQUIA SAO JOSE-LOMBA GRANDE(EX SALAO PAROQUIAL);RUA JOAO ALOISIO ALLGAYER, 1311 (CENTRINHO DE LOMBA - ZONA RURAL);LOMBA GRANDE
172;192;GINASIO DE ESPORTES-PAROQUIA SAO JOSE-LOMBA GRANDE(EX SALAO PAROQUIAL);RUA JOAO ALOISIO ALLGAYER, 1311 (CENTRINHO DE LOMBA - ZONA RURAL);LOMBA GRANDE
172;193;GINASIO DE ESPORTES-PAROQUIA SAO JOSE-LOMBA GRANDE(EX SALAO PAROQUIAL);RUA JOAO ALOISIO ALLGAYER, 1311 (CENTRINHO DE LOMBA - ZONA RURAL);LOMBA GRANDE
172;223;GINASIO DE ESPORTES-PAROQUIA SAO JOSE-LOMBA GRANDE(EX SALAO PAROQUIAL);RUA JOAO ALOISIO ALLGAYER, 1311 (CENTRINHO DE LOMBA - ZONA RURAL);LOMBA GRANDE
172;224;GINASIO DE ESPORTES-PAROQUIA SAO JOSE-LOMBA GRANDE(EX SALAO PAROQUIAL);RUA JOAO ALOISIO ALLGAYER, 1311 (CENTRINHO DE LOMBA - ZONA RURAL);LOMBA GRANDE
172;289;GINASIO DE ESPORTES-PAROQUIA SAO JOSE-LOMBA GRANDE(EX SALAO PAROQUIAL);RUA JOAO ALOISIO ALLGAYER, 1311 (CENTRINHO DE LOMBA - ZONA RURAL);LOMBA GRANDE
172;275;INSTITUTO ESTADUAL SENO FREDERICO LUDWIG (CIEP);RUA AMALEI THÖN, 50;CANUDOS
172;276;INSTITUTO ESTADUAL SENO FREDERICO LUDWIG (CIEP);RUA AMALEI THÖN, 50;CANUDOS
172;278;INSTITUTO ESTADUAL SENO FREDERICO LUDWIG (CIEP);RUA AMALEI THÖN, 50;CANUDOS
172;279;INSTITUTO ESTADUAL SENO FREDERICO LUDWIG (CIEP);RUA AMALEI THÖN, 50;CANUDOS
172;281;INSTITUTO ESTADUAL SENO FREDERICO LUDWIG (CIEP);RUA AMALEI THÖN, 50;CANUDOS
172;282;INSTITUTO ESTADUAL SENO FREDERICO LUDWIG (CIEP);RUA AMALEI THÖN, 50;CANUDOS
172;284;INSTITUTO ESTADUAL SENO FREDERICO LUDWIG (CIEP);RUA AMALEI THÖN, 50;CANUDOS
172;292;INSTITUTO ESTADUAL SENO FREDERICO LUDWIG (CIEP);RUA AMALEI THÖN, 50;CANUDOS
172;294;INSTITUTO ESTADUAL SENO FREDERICO LUDWIG (CIEP);RUA AMALEI THÖN, 50;CANUDOS
172;301;INSTITUTO ESTADUAL SENO FREDERICO LUDWIG (CIEP);RUA AMALEI THÖN, 50;CANUDOS
172;302;INSTITUTO ESTADUAL SENO FREDERICO LUDWIG (CIEP);RUA AMALEI THÖN, 50;CANUDOS
172;306;INSTITUTO ESTADUAL SENO FREDERICO LUDWIG (CIEP);RUA AMALEI THÖN, 50;CANUDOS
